#Organism Name,Organism Groups,Strain,BioSample,BioProject,Assembly,Level,Size(Mb),GC%,Replicons,WGS,Scaffolds,CDS,Release Date,GenBank FTP,RefSeq FTP,XXX
Mesorhizobium sp. L-8-10,Bacteria;Proteobacteria;Alphaproteobacteria,L-8-10,SAMD00233077,PRJDB10077,GCA_016756635.1,Complete,8.45197,64.2,chromosome:NZ_AP023263.1/AP023263.1,,1,7570,2020-12-12T00:00:00Z,ftp://ftp.ncbi.nlm.nih.gov/genomes/all/GCA/016/756/635/GCA_016756635.1_ASM1675663v1,ftp://ftp.ncbi.nlm.nih.gov/genomes/all/GCF/016/756/635/GCF_016756635.1_ASM1675663v1,XXX
Mesorhizobium sp. L-8-3,Bacteria;Proteobacteria;Alphaproteobacteria,L-8-3,SAMD00233076,PRJDB10077,GCA_016756615.1,Complete,8.44595,64.2,chromosome:NZ_AP023262.1/AP023262.1,,1,7482,2020-12-12T00:00:00Z,ftp://ftp.ncbi.nlm.nih.gov/genomes/all/GCA/016/756/615/GCA_016756615.1_ASM1675661v1,ftp://ftp.ncbi.nlm.nih.gov/genomes/all/GCF/016/756/615/GCF_016756615.1_ASM1675661v1,XXX
Mesorhizobium sp. 113-1-2,Bacteria;Proteobacteria;Alphaproteobacteria,113-1-2,SAMD00233069,PRJDB10077,GCA_016756475.1,Complete,7.93838,62.8,chromosome:NZ_AP023242.1/AP023242.1,,1,7344,2020-12-12T00:00:00Z,ftp://ftp.ncbi.nlm.nih.gov/genomes/all/GCA/016/756/475/GCA_016756475.1_ASM1675647v1,ftp://ftp.ncbi.nlm.nih.gov/genomes/all/GCF/016/756/475/GCF_016756475.1_ASM1675647v1,XXX
Mesorhizobium sp. M1B.F.Ca.ET.045.04.1.1,Bacteria;Proteobacteria;Alphaproteobacteria,M1B.F.Ca.ET.045.04.1.1,SAMN09232659,PRJNA453501,GCA_003952465.1,Complete,7.77981,63.1,chromosome:NZ_CP034448.1/CP034448.1,,1,7089,2018-12-18T00:00:00Z,ftp://ftp.ncbi.nlm.nih.gov/genomes/all/GCA/003/952/465/GCA_003952465.1_ASM395246v1,ftp://ftp.ncbi.nlm.nih.gov/genomes/all/GCF/003/952/465/GCF_003952465.1_ASM395246v1,XXX
Mesorhizobium sp. 113-3-9,Bacteria;Proteobacteria;Alphaproteobacteria,113-3-9,SAMD00233071,PRJDB10077,GCA_016756515.1,Complete,7.59253,62.9,chromosome:NZ_AP023246.1/AP023246.1,,1,7038,2020-12-12T00:00:00Z,ftp://ftp.ncbi.nlm.nih.gov/genomes/all/GCA/016/756/515/GCA_016756515.1_ASM1675651v1,ftp://ftp.ncbi.nlm.nih.gov/genomes/all/GCF/016/756/515/GCF_016756515.1_ASM1675651v1,XXX
Mesorhizobium sp. M2A.F.Ca.ET.046.03.2.1,Bacteria;Proteobacteria;Alphaproteobacteria,M2A.F.Ca.ET.046.03.2.1,SAMN09232661,PRJNA453501,GCA_003952425.1,Complete,7.37281,63.2,chromosome:NZ_CP034449.1/CP034449.1,,1,6678,2018-12-18T00:00:00Z,ftp://ftp.ncbi.nlm.nih.gov/genomes/all/GCA/003/952/425/GCA_003952425.1_ASM395242v1,ftp://ftp.ncbi.nlm.nih.gov/genomes/all/GCF/003/952/425/GCF_003952425.1_ASM395242v1,XXX
Mesorhizobium sp. M1E.F.Ca.ET.045.02.1.1,Bacteria;Proteobacteria;Alphaproteobacteria,M1E.F.Ca.ET.045.02.1.1,SAMN09232658,PRJNA453501,GCA_003952485.1,Complete,7.34839,63.2,chromosome:NZ_CP034447.1/CP034447.1,,1,6746,2018-12-18T00:00:00Z,ftp://ftp.ncbi.nlm.nih.gov/genomes/all/GCA/003/952/485/GCA_003952485.1_ASM395248v1,ftp://ftp.ncbi.nlm.nih.gov/genomes/all/GCF/003/952/485/GCF_003952485.1_ASM395248v1,XXX
Mesorhizobium sp. NZP2298,Bacteria;Proteobacteria;Alphaproteobacteria,NZP2298,SAMN10272909,PRJNA496338,GCA_013170825.1,Complete,7.33682,62.8,chromosome:NZ_CP033365.1/CP033365.1,,1,6770,2020-05-26T00:00:00Z,ftp://ftp.ncbi.nlm.nih.gov/genomes/all/GCA/013/170/825/GCA_013170825.1_ASM1317082v1,ftp://ftp.ncbi.nlm.nih.gov/genomes/all/GCF/013/170/825/GCF_013170825.1_ASM1317082v1,XXX
Mesorhizobium sp. M1D.F.Ca.ET.043.01.1.1,Bacteria;Proteobacteria;Alphaproteobacteria,M1D.F.Ca.ET.043.01.1.1,SAMN09232655,PRJNA453501,GCA_003952385.1,Complete,7.12791,63.4,chromosome:NZ_CP034444.1/CP034444.1,,1,6483,2018-12-18T00:00:00Z,ftp://ftp.ncbi.nlm.nih.gov/genomes/all/GCA/003/952/385/GCA_003952385.1_ASM395238v1,ftp://ftp.ncbi.nlm.nih.gov/genomes/all/GCF/003/952/385/GCF_003952385.1_ASM395238v1,XXX
Mesorhizobium sp. NZP2234,Bacteria;Proteobacteria;Alphaproteobacteria,NZP2234,SAMN10272907,PRJNA496338,GCA_013170765.1,Complete,6.74972,63.1,chromosome:NZ_CP033364.1/CP033364.1,,1,6305,2020-05-26T00:00:00Z,ftp://ftp.ncbi.nlm.nih.gov/genomes/all/GCA/013/170/765/GCA_013170765.1_ASM1317076v1,ftp://ftp.ncbi.nlm.nih.gov/genomes/all/GCF/013/170/765/GCF_013170765.1_ASM1317076v1,XXX
Mesorhizobium sp. M2A.F.Ca.ET.043.05.1.1,Bacteria;Proteobacteria;Alphaproteobacteria,M2A.F.Ca.ET.043.05.1.1,SAMN09232657,PRJNA453501,GCA_003952445.1,Complete,6.74919,63.6,chromosome:NZ_CP034446.1/CP034446.1,,1,6148,2018-12-18T00:00:00Z,ftp://ftp.ncbi.nlm.nih.gov/genomes/all/GCA/003/952/445/GCA_003952445.1_ASM395244v1,ftp://ftp.ncbi.nlm.nih.gov/genomes/all/GCF/003/952/445/GCF_003952445.1_ASM395244v1,XXX
Mesorhizobium sp. M2A.F.Ca.ET.043.02.1.1,Bacteria;Proteobacteria;Alphaproteobacteria,M2A.F.Ca.ET.043.02.1.1,SAMN09232656,PRJNA453501,GCA_003952405.1,Complete,6.70076,63.6,chromosome:NZ_CP034445.1/CP034445.1,,1,6120,2018-12-18T00:00:00Z,ftp://ftp.ncbi.nlm.nih.gov/genomes/all/GCA/003/952/405/GCA_003952405.1_ASM395240v1,ftp://ftp.ncbi.nlm.nih.gov/genomes/all/GCF/003/952/405/GCF_003952405.1_ASM395240v1,XXX
Mesorhizobium sp. J8,Bacteria;Proteobacteria;Alphaproteobacteria,J8,SAMD00251586,PRJDB10638,GCA_016591715.1,Complete,6.69086,63.8,chromosome:NZ_AP024109.1/AP024109.1,,1,6270,2020-12-08T00:00:00Z,ftp://ftp.ncbi.nlm.nih.gov/genomes/all/GCA/016/591/715/GCA_016591715.1_ASM1659171v1,ftp://ftp.ncbi.nlm.nih.gov/genomes/all/GCF/016/591/715/GCF_016591715.1_ASM1659171v1,XXX
Mesorhizobium sp. Pch-S,Bacteria;Proteobacteria;Alphaproteobacteria,Pch-S,SAMN08329305,PRJNA429112,GCA_004136315.1,Complete,6.61921,62.2,chromosome:NZ_CP029562.1/CP029562.1,,1,6094,2019-02-04T00:00:00Z,ftp://ftp.ncbi.nlm.nih.gov/genomes/all/GCA/004/136/315/GCA_004136315.1_ASM413631v1,ftp://ftp.ncbi.nlm.nih.gov/genomes/all/GCF/004/136/315/GCF_004136315.1_ASM413631v1,XXX
Mesorhizobium sp. AA22,Bacteria;Proteobacteria;Alphaproteobacteria,AA22,SAMN05178586,PRJNA323411,GCA_001672375.2,Complete,6.61105,61.9,chromosome:NZ_CP048406.1/CP048406.1,,1,5874,2020-02-06T00:00:00Z,ftp://ftp.ncbi.nlm.nih.gov/genomes/all/GCA/001/672/375/GCA_001672375.2_ASM167237v2,ftp://ftp.ncbi.nlm.nih.gov/genomes/all/GCF/001/672/375/GCF_001672375.2_ASM167237v2,XXX
Mesorhizobium sp. M9A.F.Ca.ET.002.03.1.2,Bacteria;Proteobacteria;Alphaproteobacteria,M9A.F.Ca.ET.002.03.1.2,SAMN09232642,PRJNA453501,GCA_003952365.1,Complete,6.41517,62.5,chromosome:NZ_CP034443.1/CP034443.1,,1,5798,2018-12-18T00:00:00Z,ftp://ftp.ncbi.nlm.nih.gov/genomes/all/GCA/003/952/365/GCA_003952365.1_ASM395236v1,ftp://ftp.ncbi.nlm.nih.gov/genomes/all/GCF/003/952/365/GCF_003952365.1_ASM395236v1,XXX
Mesorhizobium sp. M3A.F.Ca.ET.080.04.2.1,Bacteria;Proteobacteria;Alphaproteobacteria,M3A.F.Ca.ET.080.04.2.1,SAMN09232671,PRJNA453501,GCA_003952525.1,Complete,6.1656,63.3,chromosome:NZ_CP034451.1/CP034451.1,,1,5562,2018-12-18T00:00:00Z,ftp://ftp.ncbi.nlm.nih.gov/genomes/all/GCA/003/952/525/GCA_003952525.1_ASM395252v1,ftp://ftp.ncbi.nlm.nih.gov/genomes/all/GCF/003/952/525/GCF_003952525.1_ASM395252v1,XXX
Mesirhizobium sp. NIBR3,Bacteria;Proteobacteria;Alphaproteobacteria,N3,SAMN15935146,PRJNA660088,GCA_014495845.1,Complete,6.10926,67.9,chromosome:NZ_CP061080.1/CP061080.1,,1,5648,2020-09-09T00:00:00Z,ftp://ftp.ncbi.nlm.nih.gov/genomes/all/GCA/014/495/845/GCA_014495845.1_ASM1449584v1,ftp://ftp.ncbi.nlm.nih.gov/genomes/all/GCF/014/495/845/GCF_014495845.1_ASM1449584v1,XXX
Mesorhizobium sp. 8,Bacteria;Proteobacteria;Alphaproteobacteria,8,SAMN11877942,PRJNA545192,GCA_006351905.1,Complete,4.81032,65.2,chromosome:NZ_CP040914.1/CP040914.1,,1,4529,2019-06-17T00:00:00Z,ftp://ftp.ncbi.nlm.nih.gov/genomes/all/GCA/006/351/905/GCA_006351905.1_ASM635190v1,ftp://ftp.ncbi.nlm.nih.gov/genomes/all/GCF/006/351/905/GCF_006351905.1_ASM635190v1,XXX
Mesorhizobium sp. DCY119,Bacteria;Proteobacteria;Alphaproteobacteria,DCY119,SAMN09829652,PRJNA485870,GCA_003590645.1, Chromosome,4.83782,61.9,chromosome:NZ_CP031834.1/CP031834.1,,1,4605,2018-09-24T00:00:00Z,ftp://ftp.ncbi.nlm.nih.gov/genomes/all/GCA/003/590/645/GCA_003590645.1_ASM359064v1,ftp://ftp.ncbi.nlm.nih.gov/genomes/all/GCF/003/590/645/GCF_003590645.1_ASM359064v1,XXX
Mesorhizobium sp. M4B.F.Ca.ET.058.02.1.1,Bacteria;Proteobacteria;Alphaproteobacteria,M4B.F.Ca.ET.058.02.1.1,SAMN09232665,PRJNA453501,GCA_003952505.1, Chromosome,6.46166,63.7,chromosome:NZ_CP034450.1/CP034450.1,,1,5824,2018-12-18T00:00:00Z,ftp://ftp.ncbi.nlm.nih.gov/genomes/all/GCA/003/952/505/GCA_003952505.1_ASM395250v1,ftp://ftp.ncbi.nlm.nih.gov/genomes/all/GCF/003/952/505/GCF_003952505.1_ASM395250v1,XXX
Mesorhizobium sp. M8A.F.Ca.ET.057.01.1.1,Bacteria;Proteobacteria;Alphaproteobacteria,M8A.F.Ca.ET.057.01.1.1,SAMN09232926,PRJNA453501,GCA_003952565.1, Chromosome,6.62934,62.8,chromosome:NZ_CP034454.1/CP034454.1,,1,5793,2018-12-18T00:00:00Z,ftp://ftp.ncbi.nlm.nih.gov/genomes/all/GCA/003/952/565/GCA_003952565.1_ASM395256v1,ftp://ftp.ncbi.nlm.nih.gov/genomes/all/GCF/003/952/565/GCF_003952565.1_ASM395256v1,XXX
Mesorhizobium sp. M7D.F.Ca.US.005.01.1.1,Bacteria;Proteobacteria;Alphaproteobacteria,M7D.F.Ca.US.005.01.1.1,SAMN09232839,PRJNA453501,GCA_003952545.1, Chromosome,7.16823,62.4,chromosome:NZ_CP034453.1/CP034453.1,,1,6691,2018-12-18T00:00:00Z,ftp://ftp.ncbi.nlm.nih.gov/genomes/all/GCA/003/952/545/GCA_003952545.1_ASM395254v1,ftp://ftp.ncbi.nlm.nih.gov/genomes/all/GCF/003/952/545/GCF_003952545.1_ASM395254v1,XXX
Mesorhizobium sp. M1A.F.Ca.IN.022.06.1.1,Bacteria;Proteobacteria;Alphaproteobacteria,M1A.F.Ca.IN.022.06.1.1,SAMN09232994,PRJNA453501,GCA_003952605.1, Chromosome,6.27841,63.2,chromosome:NZ_CP034455.1/CP034455.1,,1,5654,2018-12-18T00:00:00Z,ftp://ftp.ncbi.nlm.nih.gov/genomes/all/GCA/003/952/605/GCA_003952605.1_ASM395260v1,ftp://ftp.ncbi.nlm.nih.gov/genomes/all/GCF/003/952/605/GCF_003952605.1_ASM395260v1,XXX
Mesorhizobium sp. M6A.T.Cr.TU.016.01.1.1,Bacteria;Proteobacteria;Alphaproteobacteria,M6A.T.Cr.TU.016.01.1.1,SAMN09232784,PRJNA453501,GCA_003952585.1, Chromosome,6.78458,62.2,chromosome:NZ_CP034452.1/CP034452.1,,1,6239,2018-12-18T00:00:00Z,ftp://ftp.ncbi.nlm.nih.gov/genomes/all/GCA/003/952/585/GCA_003952585.1_ASM395258v1,ftp://ftp.ncbi.nlm.nih.gov/genomes/all/GCF/003/952/585/GCF_003952585.1_ASM395258v1,XXX
Mesorhizobium sp. M7A.F.Ce.TU.012.03.2.1,Bacteria;Proteobacteria;Alphaproteobacteria,M7A.F.Ce.TU.012.03.2.1,SAMN09233042,PRJNA453501,GCA_004006095.1, Chromosome,6.72813,62.5,chromosome:NZ_CP034779.1/CP034779.1,,1,6248,2019-01-09T00:00:00Z,ftp://ftp.ncbi.nlm.nih.gov/genomes/all/GCA/004/006/095/GCA_004006095.1_ASM400609v1,ftp://ftp.ncbi.nlm.nih.gov/genomes/all/GCF/004/006/095/GCF_004006095.1_ASM400609v1,XXX
Mesorhizobium erdmanii,Bacteria;Proteobacteria;Alphaproteobacteria,NZP2014,SAMN05172962,PRJNA496338,GCA_013170725.1,Complete,6.60222,62.9,chromosome:NZ_CP033361.1/CP033361.1,,1,6126,2020-05-26T00:00:00Z,ftp://ftp.ncbi.nlm.nih.gov/genomes/all/GCA/013/170/725/GCA_013170725.1_ASM1317072v1,ftp://ftp.ncbi.nlm.nih.gov/genomes/all/GCF/013/170/725/GCF_013170725.1_ASM1317072v1,XXX
Mesorhizobium sp. NZP2077,Bacteria;Proteobacteria;Alphaproteobacteria,NZP2077,SAMN14571557,PRJNA496338,GCA_013170805.1,Complete,7.68995,62.2624,chromosome:NZ_CP051293.1/CP051293.1; plasmid pMSNZP2077A:NZ_CP051294.1/CP051294.1,,2,7123,2020-05-26T00:00:00Z,ftp://ftp.ncbi.nlm.nih.gov/genomes/all/GCA/013/170/805/GCA_013170805.1_ASM1317080v1,ftp://ftp.ncbi.nlm.nih.gov/genomes/all/GCF/013/170/805/GCF_013170805.1_ASM1317080v1,XXX
Mesorhizobium sp. NZP2077,Bacteria;Proteobacteria;Alphaproteobacteria,NZP2077,SAMN10272910,PRJNA496338,GCA_013170745.1,Complete,7.1949,62.4428,chromosome:NZ_CP033362.1/CP033362.1; plasmid pMSNZP2077NSa:NZ_CP033363.1/CP033363.1,,2,6738,2020-05-26T00:00:00Z,ftp://ftp.ncbi.nlm.nih.gov/genomes/all/GCA/013/170/745/GCA_013170745.1_ASM1317074v1,ftp://ftp.ncbi.nlm.nih.gov/genomes/all/GCF/013/170/745/GCF_013170745.1_ASM1317074v1,XXX
Mesorhizobium sp. 131-2-1,Bacteria;Proteobacteria;Alphaproteobacteria,131-2-1,SAMD00233072,PRJDB10077,GCA_016756535.1,Complete,7.10857,63.5672,chromosome:NZ_AP023247.1/AP023247.1; plasmid MesoLj131a2:NZ_AP023248.1/AP023248.1,,2,6570,2020-12-12T00:00:00Z,ftp://ftp.ncbi.nlm.nih.gov/genomes/all/GCA/016/756/535/GCA_016756535.1_ASM1675653v1,ftp://ftp.ncbi.nlm.nih.gov/genomes/all/GCF/016/756/535/GCF_016756535.1_ASM1675653v1,XXX
Mesorhizobium sp. WSM1497,Bacteria;Proteobacteria;Alphaproteobacteria,WSM1497,SAMN05178614,PRJNA323416,GCA_001672455.2,Complete,7.19812,62.4154,chromosome:NZ_CP021070.1/CP021070.1; plasmid pWSM1497:NZ_CP021071.1/CP021071.1,,2,6567,2017-05-01T00:00:00Z,ftp://ftp.ncbi.nlm.nih.gov/genomes/all/GCA/001/672/455/GCA_001672455.2_ASM167245v2,ftp://ftp.ncbi.nlm.nih.gov/genomes/all/GCF/001/672/455/GCF_001672455.2_ASM167245v2,XXX
Mesorhizobium oceanicum,Bacteria;Proteobacteria;Alphaproteobacteria,B7,SAMN06054042,PRJNA354894,GCA_001889605.1,Complete,5.32456,65.0596,chromosome:NZ_CP018171.1/CP018171.1; plasmid unnamed1:NZ_CP018172.1/CP018172.1,,2,5077,2016-12-06T00:00:00Z,ftp://ftp.ncbi.nlm.nih.gov/genomes/all/GCA/001/889/605/GCA_001889605.1_ASM188960v1,ftp://ftp.ncbi.nlm.nih.gov/genomes/all/GCF/001/889/605/GCF_001889605.1_ASM188960v1,XXX
Mesorhizobium terrae,Bacteria;Proteobacteria;Alphaproteobacteria,NIBRBAC000500504,SAMN12645991,PRJNA562620,GCA_008727715.1,Complete,6.02479,63.2074,chromosome:NZ_CP044218.1/CP044218.1; plasmid unnamed:NZ_CP044217.1/CP044217.1,,2,5645,2019-09-29T00:00:00Z,ftp://ftp.ncbi.nlm.nih.gov/genomes/all/GCA/008/727/715/GCA_008727715.1_ASM872771v1,ftp://ftp.ncbi.nlm.nih.gov/genomes/all/GCF/008/727/715/GCF_008727715.1_ASM872771v1,XXX
Mesorhizobium japonicum R7A,Bacteria;Proteobacteria;Alphaproteobacteria,R7A,SAMN02597167,PRJNA627051,GCA_012913625.1,Complete,6.5304,62.9,chromosome:NZ_CP051772.1/CP051772.1,,1,6078,2020-04-28T00:00:00Z,ftp://ftp.ncbi.nlm.nih.gov/genomes/all/GCA/012/913/625/GCA_012913625.1_ASM1291362v1,ftp://ftp.ncbi.nlm.nih.gov/genomes/all/GCF/012/913/625/GCF_012913625.1_ASM1291362v1,XXX
Mesorhizobium japonicum R7A,Bacteria;Proteobacteria;Alphaproteobacteria,R7A,SAMN02597167,PRJNA496338,GCA_009761735.1,Complete,6.52999,62.9,chromosome:NZ_CP033366.1/CP033366.1,,1,6077,2019-12-17T00:00:00Z,ftp://ftp.ncbi.nlm.nih.gov/genomes/all/GCA/009/761/735/GCA_009761735.1_ASM976173v1,ftp://ftp.ncbi.nlm.nih.gov/genomes/all/GCF/009/761/735/GCF_009761735.1_ASM976173v1,XXX
Mesorhizobium sp. 113-3-3,Bacteria;Proteobacteria;Alphaproteobacteria,113-3-3,SAMD00233070,PRJDB10077,GCA_016756495.1,Complete,7.73106,62.8237,chromosome:NZ_AP023243.1/AP023243.1; plasmid MesoLj113b2:NZ_AP023244.1/AP023244.1; plasmid MesoLj113b3:NZ_AP023245.1/AP023245.1,,3,7130,2020-12-12T00:00:00Z,ftp://ftp.ncbi.nlm.nih.gov/genomes/all/GCA/016/756/495/GCA_016756495.1_ASM1675649v1,ftp://ftp.ncbi.nlm.nih.gov/genomes/all/GCF/016/756/495/GCF_016756495.1_ASM1675649v1,XXX
Mesorhizobium sp. 131-3-5,Bacteria;Proteobacteria;Alphaproteobacteria,131-3-5,SAMD00233074,PRJDB10077,GCA_016756575.1,Complete,7.57015,62.6824,chromosome:NZ_AP023254.1/AP023254.1; plasmid MesoLj131c2:NZ_AP023255.1/AP023255.1; plasmid MesoLj131c3:NZ_AP023256.1/AP023256.1,,3,7046,2020-12-12T00:00:00Z,ftp://ftp.ncbi.nlm.nih.gov/genomes/all/GCA/016/756/575/GCA_016756575.1_ASM1675657v1,ftp://ftp.ncbi.nlm.nih.gov/genomes/all/GCF/016/756/575/GCF_016756575.1_ASM1675657v1,XXX
Mesorhizobium opportunistum WSM2075,Bacteria;Proteobacteria;Alphaproteobacteria,WSM2075,SAMN02232036,PRJNA33861,GCA_000176035.2,Complete,6.88444,62.9,chromosome:NC_015675.1/CP002279.1,,1,6462,2011-06-14T00:00:00Z,ftp://ftp.ncbi.nlm.nih.gov/genomes/all/GCA/000/176/035/GCA_000176035.2_ASM17603v2,ftp://ftp.ncbi.nlm.nih.gov/genomes/all/GCF/000/176/035/GCF_000176035.2_ASM17603v2,XXX
Mesorhizobium australicum WSM2073,Bacteria;Proteobacteria;Alphaproteobacteria,WSM2073,SAMN02232035,PRJNA47287,GCA_000230995.3,Complete,6.20053,62.8,chromosome:NC_019973.1/CP003358.1,,1,5765,2012-12-28T00:00:00Z,ftp://ftp.ncbi.nlm.nih.gov/genomes/all/GCA/000/230/995/GCA_000230995.3_ASM23099v3,ftp://ftp.ncbi.nlm.nih.gov/genomes/all/GCF/000/230/995/GCF_000230995.2_ASM23099v3,XXX
Mesorhizobium jarvisii,Bacteria;Proteobacteria;Alphaproteobacteria,ATCC 700743,SAMN10272903,PRJNA496338,GCA_013170785.1,Complete,7.20106,62.8971,chromosome:NZ_CP033507.1/CP033507.1; plasmid pMJ700743a:NZ_CP033508.1/CP033508.1; plasmid pMJ700743b:NZ_CP033509.1/CP033509.1,,3,6800,2020-05-26T00:00:00Z,ftp://ftp.ncbi.nlm.nih.gov/genomes/all/GCA/013/170/785/GCA_013170785.1_ASM1317078v1,ftp://ftp.ncbi.nlm.nih.gov/genomes/all/GCF/013/170/785/GCF_013170785.1_ASM1317078v1,XXX
Mesorhizobium sp. NBSH29,Bacteria;Proteobacteria;Alphaproteobacteria,NBSH29,SAMN13014951,PRJNA554385,GCA_015500055.1,Complete,4.00756,58.9609,chromosome:NZ_CP045492.1/CP045492.1; plasmid unnamed1:NZ_CP045493.1/CP045493.1; plasmid unnamed2:NZ_CP045494.1/CP045494.1; plasmid unnamed3:NZ_CP045495.1/CP045495.1,,4,3815,2020-11-16T00:00:00Z,ftp://ftp.ncbi.nlm.nih.gov/genomes/all/GCA/015/500/055/GCA_015500055.1_ASM1550005v1,ftp://ftp.ncbi.nlm.nih.gov/genomes/all/GCF/015/500/055/GCF_015500055.1_ASM1550005v1,XXX
Mesorhizobium japonicum MAFF 303099,Bacteria;Proteobacteria;Alphaproteobacteria,MAFF 303099,SAMD00061086,PRJNA18,GCA_000009625.1,Complete,7.5963,62.4657,chromosome:NC_002678.2/BA000012.4; plasmid pMLa:NC_002679.1/BA000013.4; plasmid pMLb:NC_002682.1/AP003017.1,,3,7058,2001-02-03T00:00:00Z,ftp://ftp.ncbi.nlm.nih.gov/genomes/all/GCA/000/009/625/GCA_000009625.1_ASM962v1,ftp://ftp.ncbi.nlm.nih.gov/genomes/all/GCF/000/009/625/GCF_000009625.1_ASM962v1,XXX
Mesorhizobium ciceri,Bacteria;Proteobacteria;Alphaproteobacteria,CC1192,SAMN04604738,PRJNA317272,GCA_001618825.1,Complete,6.94363,62.4946,chromosome:NZ_CP015062.1/CP015062.1; plasmid pMc1192:NZ_CP015063.1/CP015063.1,,2,6492,2016-04-12T00:00:00Z,ftp://ftp.ncbi.nlm.nih.gov/genomes/all/GCA/001/618/825/GCA_001618825.1_ASM161882v1,ftp://ftp.ncbi.nlm.nih.gov/genomes/all/GCF/001/618/825/GCF_001618825.1_ASM161882v1,XXX
Mesorhizobium loti,Bacteria;Proteobacteria;Alphaproteobacteria,NZP2042,SAMN05172963,PRJNA496338,GCA_013170705.1,Complete,6.87035,63.1,chromosome:NZ_CP033334.1/CP033334.1,,1,6440,2020-05-26T00:00:00Z,ftp://ftp.ncbi.nlm.nih.gov/genomes/all/GCA/013/170/705/GCA_013170705.1_ASM1317070v1,ftp://ftp.ncbi.nlm.nih.gov/genomes/all/GCF/013/170/705/GCF_013170705.1_ASM1317070v1,XXX
Mesorhizobium ciceri ca181,Bacteria;Proteobacteria;Alphaproteobacteria,ca181,SAMN02470606,PRJNA40923,GCA_000474725.1, Chromosome,7.04148,60.9,chromosome chr:NZ_CM002796.1/CM002796.1,ASTL01,1,5347,2013-10-18T00:00:00Z,ftp://ftp.ncbi.nlm.nih.gov/genomes/all/GCA/000/474/725/GCA_000474725.1_MciceriCa181_1.0,ftp://ftp.ncbi.nlm.nih.gov/genomes/all/GCF/000/474/725/GCF_000474725.1_MciceriCa181_1.0,XXX
Mesorhizobium sp. 131-2-5,Bacteria;Proteobacteria;Alphaproteobacteria,131-2-5,SAMD00233073,PRJDB10077,GCA_016756555.1,Complete,7.9939,62.4986,chromosome:NZ_AP023249.1/AP023249.1; plasmid MesoLj131b2:NZ_AP023250.1/AP023250.1; plasmid MesoLj131b3:NZ_AP023251.1/AP023251.1; plasmid MesoLj131b4:NZ_AP023252.1/AP023252.1; plasmid MesoLj131b5:NZ_AP023253.1/AP023253.1,,5,7372,2020-12-12T00:00:00Z,ftp://ftp.ncbi.nlm.nih.gov/genomes/all/GCA/016/756/555/GCA_016756555.1_ASM1675655v1,ftp://ftp.ncbi.nlm.nih.gov/genomes/all/GCF/016/756/555/GCF_016756555.1_ASM1675655v1,XXX
Mesorhizobium sp. INR15,Bacteria;Proteobacteria;Alphaproteobacteria,INR15,SAMN13014950,PRJNA554385,GCA_015500075.1,Complete,7.45862,61.9608,chromosome:NZ_CP045496.1/CP045496.1; plasmid unnamed1:NZ_CP045497.1/CP045497.1; plasmid unnamed2:NZ_CP045498.1/CP045498.1; plasmid unnamed3:NZ_CP045499.1/CP045499.1; plasmid unnamed4:NZ_CP045500.1/CP045500.1,,5,7003,2020-11-16T00:00:00Z,ftp://ftp.ncbi.nlm.nih.gov/genomes/all/GCA/015/500/075/GCA_015500075.1_ASM1550007v1,ftp://ftp.ncbi.nlm.nih.gov/genomes/all/GCF/015/500/075/GCF_015500075.1_ASM1550007v1,XXX
Mesorhizobium sp. L-2-11,Bacteria;Proteobacteria;Alphaproteobacteria,L-2-11,SAMD00233075,PRJDB10077,GCA_016756595.1,Complete,7.41604,62.2339,chromosome:NZ_AP023257.1/AP023257.1; plasmid MesoLjLa2:NZ_AP023258.1/AP023258.1; plasmid MesoLjLa3:NZ_AP023259.1/AP023259.1; plasmid MesoLjLa4:NZ_AP023260.1/AP023260.1; plasmid MesoLjLa5:NZ_AP023261.1/AP023261.1,,5,6553,2020-12-12T00:00:00Z,ftp://ftp.ncbi.nlm.nih.gov/genomes/all/GCA/016/756/595/GCA_016756595.1_ASM1675659v1,ftp://ftp.ncbi.nlm.nih.gov/genomes/all/GCF/016/756/595/GCF_016756595.1_ASM1675659v1,XXX
Mesorhizobium ciceri biovar biserrulae,Bacteria;Proteobacteria;Alphaproteobacteria,WSM1284,SAMN04604739,PRJNA317273,GCA_001618845.1,Complete,6.88045,62.5149,chromosome:NZ_CP015064.1/CP015064.1; plasmid pMc1284:NZ_CP015065.1/CP015065.1,,2,6346,2016-04-12T00:00:00Z,ftp://ftp.ncbi.nlm.nih.gov/genomes/all/GCA/001/618/845/GCA_001618845.1_ASM161884v1,ftp://ftp.ncbi.nlm.nih.gov/genomes/all/GCF/001/618/845/GCF_001618845.1_ASM161884v1,XXX
Mesorhizobium loti R88b,Bacteria;Proteobacteria;Alphaproteobacteria,R88b,SAMN02597285,PRJNA496338,GCA_013170845.1,Complete,7.20717,62.4,chromosome:NZ_CP033367.1/CP033367.1,,1,6716,2020-05-26T00:00:00Z,ftp://ftp.ncbi.nlm.nih.gov/genomes/all/GCA/013/170/845/GCA_013170845.1_ASM1317084v1,ftp://ftp.ncbi.nlm.nih.gov/genomes/all/GCF/013/170/845/GCF_013170845.1_ASM1317084v1,XXX
Mesorhizobium loti,Bacteria;Proteobacteria;Alphaproteobacteria,582,SAMN14403980,PRJNA329489,GCA_014189435.1,Complete,8.3306,62.4618,chromosome:CP050293.1; plasmid p_1:CP050295.1; plasmid p_2:CP050294.1,,3,7351,2020-08-14T00:00:00Z,ftp://ftp.ncbi.nlm.nih.gov/genomes/all/GCA/014/189/435/GCA_014189435.1_ASM1418943v1,ftp://ftp.ncbi.nlm.nih.gov/genomes/all/GCF/014/189/435/GCF_014189435.1_ASM1418943v1,XXX
Mesorhizobium loti,Bacteria;Proteobacteria;Alphaproteobacteria,SU343,SAMN05172977,PRJNA496338,GCA_013170865.1,Complete,7.20091,62.8971,chromosome:NZ_CP033368.1/CP033368.1; plasmid pMLSU343a:NZ_CP033369.1/CP033369.1; plasmid pMLSU343b:NZ_CP033370.1/CP033370.1,,3,6803,2020-05-26T00:00:00Z,ftp://ftp.ncbi.nlm.nih.gov/genomes/all/GCA/013/170/865/GCA_013170865.1_ASM1317086v1,ftp://ftp.ncbi.nlm.nih.gov/genomes/all/GCF/013/170/865/GCF_013170865.1_ASM1317086v1,XXX
Mesorhizobium ciceri biovar biserrulae WSM1271,Bacteria;Proteobacteria;Alphaproteobacteria,WSM1271,SAMN00713576,PRJNA48991,GCA_000185905.1,Complete,6.69003,62.5728,chromosome:NC_014923.1/CP002447.1; plasmid pMESCI01:NC_014918.1/CP002448.1,,2,6231,2011-01-07T00:00:00Z,ftp://ftp.ncbi.nlm.nih.gov/genomes/all/GCA/000/185/905/GCA_000185905.1_ASM18590v1,ftp://ftp.ncbi.nlm.nih.gov/genomes/all/GCF/000/185/905/GCF_000185905.1_ASM18590v1,XXX
Mesorhizobium loti NZP2037,Bacteria;Proteobacteria;Alphaproteobacteria,NZP2037,SAMN05217717,PRJNA325064,GCA_001676765.1,Complete,7.48174,62.7415,chromosome:NZ_CP016079.1/CP016079.1; plasmid pML2037:NZ_CP016080.1/CP016080.1,,2,6991,2016-06-27T00:00:00Z,ftp://ftp.ncbi.nlm.nih.gov/genomes/all/GCA/001/676/765/GCA_001676765.1_ASM167676v1,ftp://ftp.ncbi.nlm.nih.gov/genomes/all/GCF/001/676/765/GCF_001676765.1_ASM167676v1,XXX
Mesorhizobium huakuii,Bacteria;Proteobacteria;Alphaproteobacteria,583,SAMN14403981,PRJNA329489,GCA_014189455.1,Complete,8.44925,62.5003,chromosome:NZ_CP050296.1/CP050296.1; plasmid p_1:NZ_CP050299.1/CP050299.1; plasmid p_2:NZ_CP050297.1/CP050297.1; plasmid p_3:NZ_CP050298.1/CP050298.1,,4,7225,2020-08-14T00:00:00Z,ftp://ftp.ncbi.nlm.nih.gov/genomes/all/GCA/014/189/455/GCA_014189455.1_ASM1418945v1,ftp://ftp.ncbi.nlm.nih.gov/genomes/all/GCF/014/189/455/GCF_014189455.1_ASM1418945v1,XXX
Mesorhizobium amorphae CCNWGS0123,Bacteria;Proteobacteria;Alphaproteobacteria,CCNWGS0123,SAMN04853078,PRJNA318467,GCA_001686985.1,Complete,7.34395,62.8379,chromosome:NZ_CP015318.1/CP015318.1; plasmid pM0123a:NZ_CP015319.1/CP015319.1; plasmid pM0123b:NZ_CP015320.1/CP015320.1; plasmid pM0123c:NZ_CP015321.1/CP015321.1; plasmid pM0123d:NZ_CP015322.1/CP015322.1,,5,6597,2016-07-18T00:00:00Z,ftp://ftp.ncbi.nlm.nih.gov/genomes/all/GCA/001/686/985/GCA_001686985.1_ASM168698v1,ftp://ftp.ncbi.nlm.nih.gov/genomes/all/GCF/001/686/985/GCF_001686985.1_ASM168698v1,XXX
Mesorhizobium huakuii 7653R,Bacteria;Proteobacteria;Alphaproteobacteria,7653R,SAMN02904634,PRJNA48425,GCA_000709395.1, Chromosome,6.88168,63.0275,chromosome:NZ_CP006581.1/CP006581.1; plasmid pMHa:NZ_CP006582.1/CP006582.1; plasmid pMHb:NZ_CP006583.1/CP006583.1,,3,6216,2014-06-17T00:00:00Z,ftp://ftp.ncbi.nlm.nih.gov/genomes/all/GCA/000/709/395/GCA_000709395.1_ASM70939v1,ftp://ftp.ncbi.nlm.nih.gov/genomes/all/GCF/000/709/395/GCF_000709395.1_ASM70939v1,XXX
Mesorhizobium loti,Bacteria;Proteobacteria;Alphaproteobacteria,TONO,SAMD00055564,PRJDB4891,GCA_002356515.1, Chromosome,8.45215,62.5602,chromosome:NZ_AP017605.1/AP017605.1; plasmid plasmid_1:NZ_AP017606.1/AP017606.1; plasmid plasmid_2:NZ_AP017607.1/AP017607.1; plasmid plasmid_3:NZ_AP017608.1/AP017608.1,,4,7831,2016-08-09T00:00:00Z,ftp://ftp.ncbi.nlm.nih.gov/genomes/all/GCA/002/356/515/GCA_002356515.1_MlotiTONO_1.0,ftp://ftp.ncbi.nlm.nih.gov/genomes/all/GCF/002/356/515/GCF_002356515.1_MlotiTONO_1.0,XXX

#Organism Name,Organism Groups,Strain,BioSample,BioProject,Assembly,Level,Size(Mb),GC%,Replicons,WGS,Scaffolds,CDS,Release Date,GenBank FTP,RefSeq FTP,XXX
Mesorhizobium hungaricum,Bacteria;Proteobacteria;Alphaproteobacteria,UASWS1009,SAMN03219998,PRJNA268581,GCA_001705425.1,Contig,6.30326,63,,MDEO01,41,5949,2016-08-15T00:00:00Z,ftp://ftp.ncbi.nlm.nih.gov/genomes/all/GCA/001/705/425/GCA_001705425.1_ASM170542v1,ftp://ftp.ncbi.nlm.nih.gov/genomes/all/GCF/001/705/425/GCF_001705425.1_ASM170542v1,XXX
Mesorhizobium ephedrae,Bacteria;Proteobacteria;Alphaproteobacteria,6GN-30,SAMN08707968,PRJNA438220,GCA_003012745.1,Contig,6.11227,66.4,,PXYK01,115,5725,2018-03-20T00:00:00Z,ftp://ftp.ncbi.nlm.nih.gov/genomes/all/GCA/003/012/745/GCA_003012745.1_ASM301274v1,ftp://ftp.ncbi.nlm.nih.gov/genomes/all/GCF/003/012/745/GCF_003012745.1_ASM301274v1,XXX
Mesorhizobium carbonis,Bacteria;Proteobacteria;Alphaproteobacteria,B2.3,SAMN10531474,PRJNA508824,GCA_003970795.1,Contig,5.34595,66,,RWKW01,188,4973,2018-12-16T00:00:00Z,ftp://ftp.ncbi.nlm.nih.gov/genomes/all/GCA/003/970/795/GCA_003970795.1_ASM397079v1,ftp://ftp.ncbi.nlm.nih.gov/genomes/all/GCF/003/970/795/GCF_003970795.1_ASM397079v1,XXX
Mesorhizobium composti,Bacteria;Proteobacteria;Alphaproteobacteria,CC-YTH430,SAMN11382006,PRJNA531781,GCA_004801285.1,Contig,4.65354,65.2,,SSNY01,36,4380,2019-04-20T00:00:00Z,ftp://ftp.ncbi.nlm.nih.gov/genomes/all/GCA/004/801/285/GCA_004801285.1_ASM480128v1,ftp://ftp.ncbi.nlm.nih.gov/genomes/all/GCF/004/801/285/GCF_004801285.1_ASM480128v1,XXX
Mesorhizobium metallidurans STM 2683,Bacteria;Proteobacteria;Alphaproteobacteria,STM 2683,SAMEA2272539,PRJEB1501,GCA_000350085.1,Contig,6.23253,62.5,,CAUM01,191,5734,2013-03-21T00:00:00Z,ftp://ftp.ncbi.nlm.nih.gov/genomes/all/GCA/000/350/085/GCA_000350085.1_ASM35008v1,ftp://ftp.ncbi.nlm.nih.gov/genomes/all/GCF/000/350/085/GCF_000350085.1_ASM35008v1,XXX
Mesorhizobium erdmanii,Bacteria;Proteobacteria;Alphaproteobacteria,NZP2014,SAMN05172962,PRJNA496338,GCA_013170725.1,Complete,6.60222,62.9,chromosome:NZ_CP033361.1/CP033361.1,,1,6126,2020-05-26T00:00:00Z,ftp://ftp.ncbi.nlm.nih.gov/genomes/all/GCA/013/170/725/GCA_013170725.1_ASM1317072v1,ftp://ftp.ncbi.nlm.nih.gov/genomes/all/GCF/013/170/725/GCF_013170725.1_ASM1317072v1,XXX
Mesorhizobium muleiense,Bacteria;Proteobacteria;Alphaproteobacteria,CGMCC 1.11022,SAMN05428953,PRJEB15963,GCA_900099905.1,Scaffold,6.80996,62.3,,FNEE01,61,6196,2016-10-20T00:00:00Z,ftp://ftp.ncbi.nlm.nih.gov/genomes/all/GCA/900/099/905/GCA_900099905.1_IMG-taxon_2675903064_annotated_assembly,ftp://ftp.ncbi.nlm.nih.gov/genomes/all/GCF/900/099/905/GCF_900099905.1_IMG-taxon_2675903064_annotated_assembly,XXX
Mesorhizobium prunaredense,Bacteria;Proteobacteria;Alphaproteobacteria,1,SAMEA31222168,PRJEB18586,GCA_900156895.1,Scaffold,7.01387,62.1,,FTPD01,82,6398,2017-02-06T00:00:00Z,ftp://ftp.ncbi.nlm.nih.gov/genomes/all/GCA/900/156/895/GCA_900156895.1_BQ8794_STM4891T,ftp://ftp.ncbi.nlm.nih.gov/genomes/all/GCF/900/156/895/GCF_900156895.1_BQ8794_STM4891T,XXX
Mesorhizobium temperatum,Bacteria;Proteobacteria;Alphaproteobacteria,SDW018,SAMN07259767,PRJNA391225,GCA_002284575.1,Contig,7.16536,61.9,,NPKJ01,77,6534,2017-08-31T00:00:00Z,ftp://ftp.ncbi.nlm.nih.gov/genomes/all/GCA/002/284/575/GCA_002284575.1_ASM228457v1,ftp://ftp.ncbi.nlm.nih.gov/genomes/all/GCF/002/284/575/GCF_002284575.1_ASM228457v1,XXX
Mesorhizobium soli,Bacteria;Proteobacteria;Alphaproteobacteria,JCM 19897,SAMN08708030,PRJNA438221,GCA_003012705.1,Contig,6.26718,62.6,,PXYL01,118,5851,2018-03-20T00:00:00Z,ftp://ftp.ncbi.nlm.nih.gov/genomes/all/GCA/003/012/705/GCA_003012705.1_ASM301270v1,ftp://ftp.ncbi.nlm.nih.gov/genomes/all/GCF/003/012/705/GCF_003012705.1_ASM301270v1,XXX
Mesorhizobium helmanticense,Bacteria;Proteobacteria;Alphaproteobacteria,CSLC115N,SAMN08802955,PRJNA445923,GCA_003034915.1,Contig,6.87964,62.4,,PZJX01,145,6386,2018-04-05T00:00:00Z,ftp://ftp.ncbi.nlm.nih.gov/genomes/all/GCA/003/034/915/GCA_003034915.1_ASM303491v1,ftp://ftp.ncbi.nlm.nih.gov/genomes/all/GCF/003/034/915/GCF_003034915.1_ASM303491v1,XXX
Mesorhizobium wenxiniae,Bacteria;Proteobacteria;Alphaproteobacteria,WYCCWR 10195,SAMN07259541,PRJNA391216,GCA_002284535.1,Scaffold,6.68185,61.9,,NPKH01,43,6076,2017-08-31T00:00:00Z,ftp://ftp.ncbi.nlm.nih.gov/genomes/all/GCA/002/284/535/GCA_002284535.1_ASM228453v1,ftp://ftp.ncbi.nlm.nih.gov/genomes/all/GCF/002/284/535/GCF_002284535.1_ASM228453v1,XXX
Mesorhizobium sanjuanii,Bacteria;Proteobacteria;Alphaproteobacteria,BSA136,SAMN07646571,PRJNA407350,GCA_002529485.1,Contig,6.3997,62.5,,NWQG01,343,6017,2017-10-11T00:00:00Z,ftp://ftp.ncbi.nlm.nih.gov/genomes/all/GCA/002/529/485/GCA_002529485.1_ASM252948v1,ftp://ftp.ncbi.nlm.nih.gov/genomes/all/GCF/002/529/485/GCF_002529485.1_ASM252948v1,XXX
Mesorhizobium delmotii,Bacteria;Proteobacteria;Alphaproteobacteria,STM 462,SAMEA31221418,PRJEB18521,GCA_900149755.1,Scaffold,7.59901,61.8,,FUIG01,113,6852,2018-03-22T00:00:00Z,ftp://ftp.ncbi.nlm.nih.gov/genomes/all/GCA/900/149/755/GCA_900149755.1_BQ8482_STM4623,ftp://ftp.ncbi.nlm.nih.gov/genomes/all/GCF/900/149/755/GCF_900149755.1_BQ8482_STM4623,XXX
Mesorhizobium albiziae,Bacteria;Proteobacteria;Alphaproteobacteria,DSM 21822,SAMN04488498,PRJEB17419,GCA_900114255.1,Scaffold,6.27316,62.1,,FOSL01,92,5864,2016-10-31T00:00:00Z,ftp://ftp.ncbi.nlm.nih.gov/genomes/all/GCA/900/114/255/GCA_900114255.1_IMG-taxon_2616644812_annotated_assembly,ftp://ftp.ncbi.nlm.nih.gov/genomes/all/GCF/900/114/255/GCF_900114255.1_IMG-taxon_2616644812_annotated_assembly,XXX
Mesorhizobium denitrificans,Bacteria;Proteobacteria;Alphaproteobacteria,LA-28,SAMN09789026,PRJNA485372,GCA_003403035.1,Contig,4.3758,58.4,,QURN01,45,4115,2018-08-18T00:00:00Z,ftp://ftp.ncbi.nlm.nih.gov/genomes/all/GCA/003/403/035/GCA_003403035.1_ASM340303v1,ftp://ftp.ncbi.nlm.nih.gov/genomes/all/GCF/003/403/035/GCF_003403035.1_ASM340303v1,XXX
Mesorhizobium intechi,Bacteria;Proteobacteria;Alphaproteobacteria,BD68,SAMN08321006,PRJNA428759,GCA_002879535.2,Contig,6.58128,63.1,,PNOT02,393,6195,2018-01-13T00:00:00Z,ftp://ftp.ncbi.nlm.nih.gov/genomes/all/GCA/002/879/535/GCA_002879535.2_ASM287953v2,ftp://ftp.ncbi.nlm.nih.gov/genomes/all/GCF/002/879/535/GCF_002879535.1_ASM287953v2,XXX
Mesorhizobium camelthorni,Bacteria;Proteobacteria;Alphaproteobacteria,CCNWXJ 40-4,SAMN14167759,PRJNA608212,GCA_011045125.1,Contig,7.29845,62.4,,JAAKZF01,346,6695,2020-03-01T00:00:00Z,ftp://ftp.ncbi.nlm.nih.gov/genomes/all/GCA/011/045/125/GCA_011045125.1_ASM1104512v1,ftp://ftp.ncbi.nlm.nih.gov/genomes/all/GCF/011/045/125/GCF_011045125.1_ASM1104512v1,XXX
Mesorhizobium zhangyense,Bacteria;Proteobacteria;Alphaproteobacteria,CGMCC 1.15528,SAMN14167761,PRJNA608214,GCA_011045115.1,Contig,6.35732,61.3,,JAAKZG01,64,5885,2020-03-01T00:00:00Z,ftp://ftp.ncbi.nlm.nih.gov/genomes/all/GCA/011/045/115/GCA_011045115.1_ASM1104511v1,ftp://ftp.ncbi.nlm.nih.gov/genomes/all/GCF/011/045/115/GCF_011045115.1_ASM1104511v1,XXX
Mesorhizobium sediminum,Bacteria;Proteobacteria;Alphaproteobacteria,KCTC 42205,SAMN14826400,PRJNA630140,GCA_013240295.1,Contig,6.1355,63.3,,JABETK01,9,5114,2020-06-02T00:00:00Z,ftp://ftp.ncbi.nlm.nih.gov/genomes/all/GCA/013/240/295/GCA_013240295.1_ASM1324029v1,ftp://ftp.ncbi.nlm.nih.gov/genomes/all/GCF/013/240/295/GCF_013240295.1_ASM1324029v1,XXX
Mesorhizobium norvegicum,Bacteria;Proteobacteria;Alphaproteobacteria,10.2.2,SAMN11110831,PRJNA526809,GCA_004919685.1,Scaffold,8.27353,62.4,,SMYZ01,249,7650,2019-04-29T00:00:00Z,ftp://ftp.ncbi.nlm.nih.gov/genomes/all/GCA/004/919/685/GCA_004919685.1_ASM491968v1,ftp://ftp.ncbi.nlm.nih.gov/genomes/all/GCF/004/919/685/GCF_004919685.1_ASM491968v1,XXX
Mesorhizobium sangaii,Bacteria;Proteobacteria;Alphaproteobacteria,DSM 100039,SAMN14908382,PRJNA632235,GCA_014207355.1,Scaffold,7.21275,62.4,,JACHEF01,39,6511,2020-08-14T00:00:00Z,ftp://ftp.ncbi.nlm.nih.gov/genomes/all/GCA/014/207/355/GCA_014207355.1_ASM1420735v1,ftp://ftp.ncbi.nlm.nih.gov/genomes/all/GCF/014/207/355/GCF_014207355.1_ASM1420735v1,XXX
Mesorhizobium silamurunense,Bacteria;Proteobacteria;Alphaproteobacteria,CCBAU 45272,SAMN04278952,PRJNA302703,GCA_014843905.1,Contig,7.18625,63.1,,LPVS01,260,6687,2020-10-05T00:00:00Z,ftp://ftp.ncbi.nlm.nih.gov/genomes/all/GCA/014/843/905/GCA_014843905.1_ASM1484390v1,ftp://ftp.ncbi.nlm.nih.gov/genomes/all/GCF/014/843/905/GCF_014843905.1_ASM1484390v1,XXX
Mesorhizobium caraganae CCBAU 01502,Bacteria;Proteobacteria;Alphaproteobacteria,CCBAU 01502,SAMN02585731,PRJNA235348,GCA_014843835.1,Contig,7.19178,62.3,,JHQT01,123,6621,2020-10-05T00:00:00Z,ftp://ftp.ncbi.nlm.nih.gov/genomes/all/GCA/014/843/835/GCA_014843835.1_ASM1484383v1,ftp://ftp.ncbi.nlm.nih.gov/genomes/all/GCF/014/843/835/GCF_014843835.1_ASM1484383v1,XXX
Mesorhizobium atlanticum,Bacteria;Proteobacteria;Alphaproteobacteria,CNPSo 3140,SAMN09456167,PRJNA476779,GCA_003289965.1,Contig,6.53608,63.7,,QMBQ01,29,6181,2018-07-06T00:00:00Z,ftp://ftp.ncbi.nlm.nih.gov/genomes/all/GCA/003/289/965/GCA_003289965.1_ASM328996v1,ftp://ftp.ncbi.nlm.nih.gov/genomes/all/GCF/003/289/965/GCF_003289965.1_ASM328996v1,XXX
Mesorhizobium alhagi CCNWXJ12-2,Bacteria;Proteobacteria;Alphaproteobacteria,CCNWXJ12-2,SAMN02470709,PRJNA75087,GCA_000236565.2,Contig,6.96895,62.7,,AHAM01,375,6568,2011-12-01T00:00:00Z,ftp://ftp.ncbi.nlm.nih.gov/genomes/all/GCA/000/236/565/GCA_000236565.2_ASM23656v2,ftp://ftp.ncbi.nlm.nih.gov/genomes/all/GCF/000/236/565/GCF_000236565.1_ASM23656v2,XXX
Mesorhizobium qingshengii,Bacteria;Proteobacteria;Alphaproteobacteria,CGMCC 1.12097,SAMN02927914,PRJEB16190,GCA_900103325.1,Scaffold,7.06363,62.7,,FMXM01,121,6657,2016-10-20T00:00:00Z,ftp://ftp.ncbi.nlm.nih.gov/genomes/all/GCA/900/103/325/GCA_900103325.1_IMG-taxon_2596583656_annotated_assembly,ftp://ftp.ncbi.nlm.nih.gov/genomes/all/GCF/900/103/325/GCF_900103325.1_IMG-taxon_2596583656_annotated_assembly,XXX
Mesorhizobium mediterraneum,Bacteria;Proteobacteria;Alphaproteobacteria,USDA 3392,SAMN07259542,PRJNA391224,GCA_002284565.1,Contig,7.19684,62,,NPKI01,52,6629,2017-08-31T00:00:00Z,ftp://ftp.ncbi.nlm.nih.gov/genomes/all/GCA/002/284/565/GCA_002284565.1_ASM228456v1,ftp://ftp.ncbi.nlm.nih.gov/genomes/all/GCF/002/284/565/GCF_002284565.1_ASM228456v1,XXX
Mesorhizobium kowhaii,Bacteria;Proteobacteria;Alphaproteobacteria,Ach-343,SAMN06603672,PRJNA329489,GCA_003253745.1,Contig,8.06262,62.3,,MZXV01,86,7410,2018-06-19T00:00:00Z,ftp://ftp.ncbi.nlm.nih.gov/genomes/all/GCA/003/253/745/GCA_003253745.1_ASM325374v1,ftp://ftp.ncbi.nlm.nih.gov/genomes/all/GCF/003/253/745/GCF_003253745.1_ASM325374v1,XXX
Mesorhizobium hawassense,Bacteria;Proteobacteria;Alphaproteobacteria,AC99b,SAMN09456072,PRJNA476776,GCA_003289945.1,Contig,7.33856,63.3,,QMBP01,71,6818,2018-07-06T00:00:00Z,ftp://ftp.ncbi.nlm.nih.gov/genomes/all/GCA/003/289/945/GCA_003289945.1_ASM328994v1,ftp://ftp.ncbi.nlm.nih.gov/genomes/all/GCF/003/289/945/GCF_003289945.1_ASM328994v1,XXX
Mesorhizobium oceanicum,Bacteria;Proteobacteria;Alphaproteobacteria,B7,SAMN06054042,PRJNA354894,GCA_001889605.1,Complete,5.32456,65.0596,chromosome:NZ_CP018171.1/CP018171.1; plasmid unnamed1:NZ_CP018172.1/CP018172.1,,2,5077,2016-12-06T00:00:00Z,ftp://ftp.ncbi.nlm.nih.gov/genomes/all/GCA/001/889/605/GCA_001889605.1_ASM188960v1,ftp://ftp.ncbi.nlm.nih.gov/genomes/all/GCF/001/889/605/GCF_001889605.1_ASM188960v1,XXX
Mesorhizobium waimense,Bacteria;Proteobacteria;Alphaproteobacteria,ICMP19557,SAMN10038457,PRJNA490487,GCA_003601975.1,Contig,8.15459,62.4,,QZWZ01,290,7448,2018-10-01T00:00:00Z,ftp://ftp.ncbi.nlm.nih.gov/genomes/all/GCA/003/601/975/GCA_003601975.1_ASM360197v1,ftp://ftp.ncbi.nlm.nih.gov/genomes/all/GCF/003/601/975/GCF_003601975.1_ASM360197v1,XXX
Mesorhizobium tamadayense,Bacteria;Proteobacteria;Alphaproteobacteria,DSM 28320,SAMN10482962,PRJNA507024,GCA_003863365.1,Contig,7.5341,63.2,,RQXT01,303,6949,2018-12-04T00:00:00Z,ftp://ftp.ncbi.nlm.nih.gov/genomes/all/GCA/003/863/365/GCA_003863365.1_ASM386336v1,ftp://ftp.ncbi.nlm.nih.gov/genomes/all/GCF/003/863/365/GCF_003863365.1_ASM386336v1,XXX
Mesorhizobium tianshanense,Bacteria;Proteobacteria;Alphaproteobacteria,CGMCC 1.2546,SAMN02927938,PRJNA255612,GCA_007830515.1,Scaffold,7.85632,62.1,,VLKT01,159,7253,2019-08-02T00:00:00Z,ftp://ftp.ncbi.nlm.nih.gov/genomes/all/GCA/007/830/515/GCA_007830515.1_ASM783051v1,ftp://ftp.ncbi.nlm.nih.gov/genomes/all/GCF/007/830/515/GCF_007830515.1_ASM783051v1,XXX
Mesorhizobium carmichaelinearum,Bacteria;Proteobacteria;Alphaproteobacteria,ICMP 18942,SAMEA104174102,PRJEB21925,GCA_900199455.1,Contig,8.57585,62.4,,FZQR01,233,7861,2017-08-15T00:00:00Z,ftp://ftp.ncbi.nlm.nih.gov/genomes/all/GCA/900/199/455/GCA_900199455.1_ICMP_18942,ftp://ftp.ncbi.nlm.nih.gov/genomes/all/GCF/900/199/455/GCF_900199455.1_ICMP_18942,XXX
Mesorhizobium loti,Bacteria;Proteobacteria;Alphaproteobacteria,LU,SAMN08193537,PRJNA422678,GCA_002858745.1,Scaffold,6.39983,61.5,,PJRO01,35,5983,2018-01-03T00:00:00Z,ftp://ftp.ncbi.nlm.nih.gov/genomes/all/GCA/002/858/745/GCA_002858745.1_ASM285874v1,ftp://ftp.ncbi.nlm.nih.gov/genomes/all/GCF/002/858/745/GCF_002858745.1_ASM285874v1,XXX
Mesorhizobium opportunistum WSM2075,Bacteria;Proteobacteria;Alphaproteobacteria,WSM2075,SAMN02232036,PRJNA33861,GCA_000176035.2,Complete,6.88444,62.9,chromosome:NC_015675.1/CP002279.1,,1,6462,2011-06-14T00:00:00Z,ftp://ftp.ncbi.nlm.nih.gov/genomes/all/GCA/000/176/035/GCA_000176035.2_ASM17603v2,ftp://ftp.ncbi.nlm.nih.gov/genomes/all/GCF/000/176/035/GCF_000176035.2_ASM17603v2,XXX
Mesorhizobium australicum WSM2073,Bacteria;Proteobacteria;Alphaproteobacteria,WSM2073,SAMN02232035,PRJNA47287,GCA_000230995.3,Complete,6.20053,62.8,chromosome:NC_019973.1/CP003358.1,,1,5765,2012-12-28T00:00:00Z,ftp://ftp.ncbi.nlm.nih.gov/genomes/all/GCA/000/230/995/GCA_000230995.3_ASM23099v3,ftp://ftp.ncbi.nlm.nih.gov/genomes/all/GCF/000/230/995/GCF_000230995.2_ASM23099v3,XXX
Mesorhizobium sophorae,Bacteria;Proteobacteria;Alphaproteobacteria,ICMP 19535,SAMN07357070,PRJNA394641,GCA_002270415.1,Contig,8.04911,62.2,,NNRI01,24,7213,2017-08-25T00:00:00Z,ftp://ftp.ncbi.nlm.nih.gov/genomes/all/GCA/002/270/415/GCA_002270415.1_ASM227041v1,ftp://ftp.ncbi.nlm.nih.gov/genomes/all/GCF/002/270/415/GCF_002270415.1_ASM227041v1,XXX
Mesorhizobium jarvisii,Bacteria;Proteobacteria;Alphaproteobacteria,ATCC 700743,SAMN10272903,PRJNA496338,GCA_013170785.1,Complete,7.20106,62.8971,chromosome:NZ_CP033507.1/CP033507.1; plasmid pMJ700743a:NZ_CP033508.1/CP033508.1; plasmid pMJ700743b:NZ_CP033509.1/CP033509.1,,3,6800,2020-05-26T00:00:00Z,ftp://ftp.ncbi.nlm.nih.gov/genomes/all/GCA/013/170/785/GCA_013170785.1_ASM1317078v1,ftp://ftp.ncbi.nlm.nih.gov/genomes/all/GCF/013/170/785/GCF_013170785.1_ASM1317078v1,XXX
Mesorhizobium japonicum MAFF 303099,Bacteria;Proteobacteria;Alphaproteobacteria,MAFF 303099,SAMD00061086,PRJNA18,GCA_000009625.1,Complete,7.5963,62.4657,chromosome:NC_002678.2/BA000012.4; plasmid pMLa:NC_002679.1/BA000013.4; plasmid pMLb:NC_002682.1/AP003017.1,,3,7058,2001-02-03T00:00:00Z,ftp://ftp.ncbi.nlm.nih.gov/genomes/all/GCA/000/009/625/GCA_000009625.1_ASM962v1,ftp://ftp.ncbi.nlm.nih.gov/genomes/all/GCF/000/009/625/GCF_000009625.1_ASM962v1,XXX
Mesorhizobium ciceri biovar biserrulae,Bacteria;Proteobacteria;Alphaproteobacteria,WSM1284,SAMN04604739,PRJNA317273,GCA_001618845.1,Complete,6.88045,62.5149,chromosome:NZ_CP015064.1/CP015064.1; plasmid pMc1284:NZ_CP015065.1/CP015065.1,,2,6346,2016-04-12T00:00:00Z,ftp://ftp.ncbi.nlm.nih.gov/genomes/all/GCA/001/618/845/GCA_001618845.1_ASM161884v1,ftp://ftp.ncbi.nlm.nih.gov/genomes/all/GCF/001/618/845/GCF_001618845.1_ASM161884v1,XXX
Mesorhizobium huakuii,Bacteria;Proteobacteria;Alphaproteobacteria,583,SAMN14403981,PRJNA329489,GCA_014189455.1,Complete,8.44925,62.5003,chromosome:NZ_CP050296.1/CP050296.1; plasmid p_1:NZ_CP050299.1/CP050299.1; plasmid p_2:NZ_CP050297.1/CP050297.1; plasmid p_3:NZ_CP050298.1/CP050298.1,,4,7225,2020-08-14T00:00:00Z,ftp://ftp.ncbi.nlm.nih.gov/genomes/all/GCA/014/189/455/GCA_014189455.1_ASM1418945v1,ftp://ftp.ncbi.nlm.nih.gov/genomes/all/GCF/014/189/455/GCF_014189455.1_ASM1418945v1,XXX
Mesorhizobium amorphae CCNWGS0123,Bacteria;Proteobacteria;Alphaproteobacteria,CCNWGS0123,SAMN04853078,PRJNA318467,GCA_001686985.1,Complete,7.34395,62.8379,chromosome:NZ_CP015318.1/CP015318.1; plasmid pM0123a:NZ_CP015319.1/CP015319.1; plasmid pM0123b:NZ_CP015320.1/CP015320.1; plasmid pM0123c:NZ_CP015321.1/CP015321.1; plasmid pM0123d:NZ_CP015322.1/CP015322.1,,5,6597,2016-07-18T00:00:00Z,ftp://ftp.ncbi.nlm.nih.gov/genomes/all/GCA/001/686/985/GCA_001686985.1_ASM168698v1,ftp://ftp.ncbi.nlm.nih.gov/genomes/all/GCF/001/686/985/GCF_001686985.1_ASM168698v1,XXX

